eventName,id,eventId,runners,path
Caribbean Tigers v New York Strikers,1.232245129,33524813,[{'status': 'ACTIVE', 'sortPriority': 1, 'id': 72922097, 'name': 'Caribbean Tigers'}, {'status': 'ACTIVE', 'sortPriority': 2, 'id': 67083366, 'name': 'New York Strikers'}],hist_data/ADVANCED/2025/Feb/12/33524813/1.232245129
Munster Reds v Leinster Lightning,1.231541189,33475068,[{'status': 'ACTIVE', 'sortPriority': 1, 'id': 19587212, 'name': 'Munster Reds'}, {'status': 'ACTIVE', 'sortPriority': 2, 'id': 19587555, 'name': 'Leinster Lightning'}],hist_data/ADVANCED/2025/Feb/12/33475068/1.231541189
New York Strikers v Grand Cayman Stingrays,1.232019003,33508295,[{'status': 'ACTIVE', 'sortPriority': 1, 'id': 67083366, 'name': 'New York Strikers'}, {'status': 'ACTIVE', 'sortPriority': 2, 'id': 72857116, 'name': 'Grand Cayman Stingrays'}],hist_data/ADVANCED/2024/Aug/20/33508295/1.232019003
Ireland Women v Sri Lanka Women,1.231954918,33504642,[{'status': 'ACTIVE', 'sortPriority': 1, 'id': 10108898, 'name': 'Ireland Women'}, {'status': 'ACTIVE', 'sortPriority': 2, 'id': 10787826, 'name': 'Sri Lanka Women'}],hist_data/ADVANCED/2024/Aug/20/33504642/1.231954918
Miami Lions v Grand Cayman Stingrays,1.232018919,33508296,[{'status': 'ACTIVE', 'sortPriority': 1, 'id': 72857115, 'name': 'Miami Lions'}, {'status': 'ACTIVE', 'sortPriority': 2, 'id': 72857116, 'name': 'Grand Cayman Stingrays'}],hist_data/ADVANCED/2024/Aug/20/33508296/1.232018919
Caribbean Giants v Boca Raton Trailblazers,1.232019056,33508297,[{'status': 'ACTIVE', 'sortPriority': 1, 'id': 72857117, 'name': 'Caribbean Giants'}, {'status': 'ACTIVE', 'sortPriority': 2, 'id': 72857114, 'name': 'Boca Raton Trailblazers'}],hist_data/ADVANCED/2024/Aug/20/33508297/1.232019056
Glamorgan v Warwickshire,1.231895741,33501074,[{'status': 'ACTIVE', 'sortPriority': 1, 'id': 169, 'name': 'Glamorgan'}, {'status': 'ACTIVE', 'sortPriority': 2, 'id': 2120, 'name': 'Warwickshire'}],hist_data/ADVANCED/2024/Aug/18/33501074/1.231895741
Somerset v Leicestershire,1.231895769,33501073,[{'status': 'ACTIVE', 'sortPriority': 1, 'id': 5995, 'name': 'Somerset'}, {'status': 'ACTIVE', 'sortPriority': 2, 'id': 31377, 'name': 'Leicestershire'}],hist_data/ADVANCED/2024/Aug/18/33501073/1.231895769
Oval Invincibles v Southern Brave,1.231946357,33504088,[{'status': 'ACTIVE', 'sortPriority': 1, 'id': 26354923, 'name': 'Oval Invincibles'}, {'status': 'ACTIVE', 'sortPriority': 2, 'id': 26354926, 'name': 'Southern Brave'}],hist_data/ADVANCED/2024/Aug/18/33504088/1.231946357
Ireland Women v Sri Lanka Women,1.231887491,33500547,[{'status': 'ACTIVE', 'sortPriority': 1, 'id': 10108898, 'name': 'Ireland Women'}, {'status': 'ACTIVE', 'sortPriority': 2, 'id': 10787826, 'name': 'Sri Lanka Women'}],hist_data/ADVANCED/2024/Aug/18/33500547/1.231887491
Welsh Fire Women v London Spirit Women,1.231929101,33503359,[{'status': 'ACTIVE', 'sortPriority': 1, 'id': 40096581, 'name': 'Welsh Fire Women'}, {'status': 'ACTIVE', 'sortPriority': 2, 'id': 40096576, 'name': 'London Spirit Women'}],hist_data/ADVANCED/2024/Aug/18/33503359/1.231929101
Kuwait v Hong Kong,1.232298775,33528205,[{'status': 'ACTIVE', 'sortPriority': 1, 'id': 8858694, 'name': 'Kuwait'}, {'status': 'ACTIVE', 'sortPriority': 2, 'id': 247649, 'name': 'Hong Kong'}],hist_data/ADVANCED/2024/Aug/27/33528205/1.232298775
Czechia v Greece,1.232260815,33525729,[{'status': 'ACTIVE', 'sortPriority': 1, 'id': 60971788, 'name': 'Czechia'}, {'status': 'ACTIVE', 'sortPriority': 2, 'id': 60971786, 'name': 'Greece'}],hist_data/ADVANCED/2024/Aug/27/33525729/1.232260815
Estonia v Malta,1.232259812,33525672,[{'status': 'ACTIVE', 'sortPriority': 1, 'id': 11392436, 'name': 'Estonia'}, {'status': 'ACTIVE', 'sortPriority': 2, 'id': 48800301, 'name': 'Malta'}],hist_data/ADVANCED/2024/Aug/27/33525672/1.232259812
West Indies v South Africa,1.232283631,33527290,[{'status': 'ACTIVE', 'sortPriority': 1, 'id': 235, 'name': 'West Indies'}, {'status': 'ACTIVE', 'sortPriority': 2, 'id': 349, 'name': 'South Africa'}],hist_data/ADVANCED/2024/Aug/27/33527290/1.232283631
Guyana Amazon Warriors v Barbados Royals Women,1.232301071,33527093,[{'status': 'ACTIVE', 'sortPriority': 1, 'id': 47674068, 'name': 'Guyana Amazon Warriors W'}, {'status': 'ACTIVE', 'sortPriority': 2, 'id': 47674067, 'name': 'Barbados Royals W'}],hist_data/ADVANCED/2024/Aug/27/33527093/1.232301071
USA v Canada,1.232283561,33527201,[{'status': 'ACTIVE', 'sortPriority': 1, 'id': 891555, 'name': 'USA'}, {'status': 'ACTIVE', 'sortPriority': 2, 'id': 144197, 'name': 'Canada'}],hist_data/ADVANCED/2024/Aug/27/33527201/1.232283561
Cyprus v Denmark,1.232258049,33525594,[{'status': 'ACTIVE', 'sortPriority': 1, 'id': 61422697, 'name': 'Cyprus'}, {'status': 'ACTIVE', 'sortPriority': 2, 'id': 206388, 'name': 'Denmark'}],hist_data/ADVANCED/2024/Aug/27/33525594/1.232258049
Bulgaria v Finland,1.232260787,33525724,[{'status': 'ACTIVE', 'sortPriority': 1, 'id': 61077258, 'name': 'Bulgaria'}, {'status': 'ACTIVE', 'sortPriority': 2, 'id': 48610314, 'name': 'Finland'}],hist_data/ADVANCED/2024/Aug/27/33525724/1.232260787
London Spirit v Manchester Originals,1.231545985,33475215,[{'status': 'ACTIVE', 'sortPriority': 1, 'id': 26354928, 'name': 'London Spirit'}, {'status': 'ACTIVE', 'sortPriority': 2, 'id': 26354922, 'name': 'Manchester Originals'}],hist_data/ADVANCED/2024/Aug/9/33475215/1.231545985
London Spirit Women v Manchester Originals Women,1.231544455,33475282,[{'status': 'ACTIVE', 'sortPriority': 1, 'id': 40096576, 'name': 'London Spirit Women'}, {'status': 'ACTIVE', 'sortPriority': 2, 'id': 40096590, 'name': 'Manchester Originals Women'}],hist_data/ADVANCED/2024/Aug/9/33475282/1.231544455
Somerset v Worcestershire,1.231539716,33474911,[{'status': 'ACTIVE', 'sortPriority': 1, 'id': 5995, 'name': 'Somerset'}, {'status': 'ACTIVE', 'sortPriority': 2, 'id': 31372, 'name': 'Worcestershire'}],hist_data/ADVANCED/2024/Aug/9/33474911/1.231539716
Nottinghamshire v Gloucestershire,1.231540820,33475024,[{'status': 'ACTIVE', 'sortPriority': 1, 'id': 2780, 'name': 'Nottinghamshire'}, {'status': 'ACTIVE', 'sortPriority': 2, 'id': 2219, 'name': 'Gloucestershire'}],hist_data/ADVANCED/2024/Aug/9/33475024/1.231540820
Durham v Hampshire,1.231540814,33474963,[{'status': 'ACTIVE', 'sortPriority': 1, 'id': 31374, 'name': 'Durham'}, {'status': 'ACTIVE', 'sortPriority': 2, 'id': 3961, 'name': 'Hampshire'}],hist_data/ADVANCED/2024/Aug/9/33474963/1.231540814
Brampton Wolves v Montreal Tigers,1.231541038,33474953,[{'status': 'ACTIVE', 'sortPriority': 1, 'id': 25173012, 'name': 'Brampton Wolves'}, {'status': 'ACTIVE', 'sortPriority': 2, 'id': 19144241, 'name': 'Montreal Tigers'}],hist_data/ADVANCED/2024/Aug/9/33474953/1.231541038
Essex v Surrey,1.231501231,33472344,[{'status': 'ACTIVE', 'sortPriority': 1, 'id': 31376, 'name': 'Essex'}, {'status': 'ACTIVE', 'sortPriority': 2, 'id': 424676, 'name': 'Surrey'}],hist_data/ADVANCED/2024/Aug/9/33472344/1.231501231
Netherlands Women v Papua New Guinea Women,1.231581347,33477608,[{'status': 'ACTIVE', 'sortPriority': 1, 'id': 25686043, 'name': 'Netherlands Women'}, {'status': 'ACTIVE', 'sortPriority': 2, 'id': 12474498, 'name': 'Papua New Guinea Women'}],hist_data/ADVANCED/2024/Aug/9/33477608/1.231581347
Derbyshire v Kent,1.231540717,33475009,[{'status': 'ACTIVE', 'sortPriority': 1, 'id': 31375, 'name': 'Derbyshire'}, {'status': 'ACTIVE', 'sortPriority': 2, 'id': 5901, 'name': 'Kent'}],hist_data/ADVANCED/2024/Aug/9/33475009/1.231540717
Leicestershire v Glamorgan,1.231581430,33477741,[{'status': 'ACTIVE', 'sortPriority': 1, 'id': 31377, 'name': 'Leicestershire'}, {'status': 'ACTIVE', 'sortPriority': 2, 'id': 169, 'name': 'Glamorgan'}],hist_data/ADVANCED/2024/Aug/11/33477741/1.231581430
Netherlands v Canada,1.231469601,33469872,[{'status': 'ACTIVE', 'sortPriority': 1, 'id': 228749, 'name': 'Netherlands'}, {'status': 'ACTIVE', 'sortPriority': 2, 'id': 144197, 'name': 'Canada'}],hist_data/ADVANCED/2024/Aug/11/33469872/1.231469601
Ireland Women v Sri Lanka Women,1.231587461,33478039,[{'status': 'ACTIVE', 'sortPriority': 1, 'id': 10108898, 'name': 'Ireland Women'}, {'status': 'ACTIVE', 'sortPriority': 2, 'id': 10787826, 'name': 'Sri Lanka Women'}],hist_data/ADVANCED/2024/Aug/11/33478039/1.231587461
Oval Invincibles v London Spirit,1.231616213,33480309,[{'status': 'ACTIVE', 'sortPriority': 1, 'id': 26354923, 'name': 'Oval Invincibles'}, {'status': 'ACTIVE', 'sortPriority': 2, 'id': 26354928, 'name': 'London Spirit'}],hist_data/ADVANCED/2024/Aug/11/33480309/1.231616213
Oval Invincibles Women v London Spirit Women,1.231615888,33480307,[{'status': 'ACTIVE', 'sortPriority': 1, 'id': 40096582, 'name': 'Oval Invincibles Women'}, {'status': 'ACTIVE', 'sortPriority': 2, 'id': 40096576, 'name': 'London Spirit Women'}],hist_data/ADVANCED/2024/Aug/11/33480307/1.231615888
Northamptonshire v Lancashire,1.231582170,33477738,[{'status': 'ACTIVE', 'sortPriority': 1, 'id': 475559, 'name': 'Northamptonshire'}, {'status': 'ACTIVE', 'sortPriority': 2, 'id': 424679, 'name': 'Lancashire'}],hist_data/ADVANCED/2024/Aug/11/33477738/1.231582170
Warwickshire v Yorkshire,1.231582261,33477736,[{'status': 'ACTIVE', 'sortPriority': 1, 'id': 2120, 'name': 'Warwickshire'}, {'status': 'ACTIVE', 'sortPriority': 2, 'id': 655, 'name': 'Yorkshire'}],hist_data/ADVANCED/2024/Aug/11/33477736/1.231582261
Nottinghamshire v Essex,1.231582198,33477752,[{'status': 'ACTIVE', 'sortPriority': 1, 'id': 2780, 'name': 'Nottinghamshire'}, {'status': 'ACTIVE', 'sortPriority': 2, 'id': 31376, 'name': 'Essex'}],hist_data/ADVANCED/2024/Aug/11/33477752/1.231582198
Sussex v Surrey,1.231582255,33477755,[{'status': 'ACTIVE', 'sortPriority': 1, 'id': 31379, 'name': 'Sussex'}, {'status': 'ACTIVE', 'sortPriority': 2, 'id': 424676, 'name': 'Surrey'}],hist_data/ADVANCED/2024/Aug/11/33477755/1.231582255
Manchester Originals W v Northern Superchargers W ,1.231615492,33480308,[{'status': 'ACTIVE', 'sortPriority': 1, 'id': 40296818, 'name': 'Manchester Originals W'}, {'status': 'ACTIVE', 'sortPriority': 2, 'id': 40380900, 'name': 'Northern Superchargers W'}],hist_data/ADVANCED/2024/Aug/11/33480308/1.231615492
Scotland Women v Papua New Guinea Women,1.231613187,33480112,[{'status': 'ACTIVE', 'sortPriority': 1, 'id': 12482925, 'name': 'Scotland Women'}, {'status': 'ACTIVE', 'sortPriority': 2, 'id': 12474498, 'name': 'Papua New Guinea Women'}],hist_data/ADVANCED/2024/Aug/11/33480112/1.231613187
Manchester Originals v Northern Superchargers,1.231615960,33480310,[{'status': 'ACTIVE', 'sortPriority': 1, 'id': 26354922, 'name': 'Manchester Originals'}, {'status': 'ACTIVE', 'sortPriority': 2, 'id': 26354924, 'name': 'Northern Superchargers'}],hist_data/ADVANCED/2024/Aug/11/33480310/1.231615960
Middlesex v Somerset,1.231581624,33477743,[{'status': 'ACTIVE', 'sortPriority': 1, 'id': 31378, 'name': 'Middlesex'}, {'status': 'ACTIVE', 'sortPriority': 2, 'id': 5995, 'name': 'Somerset'}],hist_data/ADVANCED/2024/Aug/11/33477743/1.231581624
Montreal Tigers v Toronto Nationals,1.231679052,33484467,[{'status': 'ACTIVE', 'sortPriority': 1, 'id': 19144241, 'name': 'Montreal Tigers'}, {'status': 'ACTIVE', 'sortPriority': 2, 'id': 19144236, 'name': 'Toronto Nationals'}],hist_data/ADVANCED/2024/Aug/11/33484467/1.231679052
Kent v Durham,1.231581420,33477750,[{'status': 'ACTIVE', 'sortPriority': 1, 'id': 5901, 'name': 'Kent'}, {'status': 'ACTIVE', 'sortPriority': 2, 'id': 31374, 'name': 'Durham'}],hist_data/ADVANCED/2024/Aug/11/33477750/1.231581420
Worcestershire v Hampshire,1.231582357,33477757,[{'status': 'ACTIVE', 'sortPriority': 1, 'id': 31372, 'name': 'Worcestershire'}, {'status': 'ACTIVE', 'sortPriority': 2, 'id': 3961, 'name': 'Hampshire'}],hist_data/ADVANCED/2024/Aug/11/33477757/1.231582357
Munster Reds v Leinster Lightning,1.231396913,33464993,[{'status': 'ACTIVE', 'sortPriority': 1, 'id': 19587212, 'name': 'Munster Reds'}, {'status': 'ACTIVE', 'sortPriority': 2, 'id': 19587555, 'name': 'Leinster Lightning'}],hist_data/ADVANCED/2024/Aug/7/33464993/1.231396913
Trent Rockets Women v London Spirit Women,1.231402835,33465487,[{'status': 'ACTIVE', 'sortPriority': 1, 'id': 40096580, 'name': 'Trent Rockets Women'}, {'status': 'ACTIVE', 'sortPriority': 2, 'id': 40096576, 'name': 'London Spirit Women'}],hist_data/ADVANCED/2024/Aug/7/33465487/1.231402835
Gloucestershire v Sussex,1.231431360,33467055,[{'status': 'ACTIVE', 'sortPriority': 1, 'id': 2219, 'name': 'Gloucestershire'}, {'status': 'ACTIVE', 'sortPriority': 2, 'id': 31379, 'name': 'Sussex'}],hist_data/ADVANCED/2024/Aug/7/33467055/1.231431360
Hampshire v Derbyshire,1.231431372,33467054,[{'status': 'ACTIVE', 'sortPriority': 1, 'id': 3961, 'name': 'Hampshire'}, {'status': 'ACTIVE', 'sortPriority': 2, 'id': 31375, 'name': 'Derbyshire'}],hist_data/ADVANCED/2024/Aug/7/33467054/1.231431372
Sri Lanka v India,1.231453171,33468214,[{'status': 'ACTIVE', 'sortPriority': 1, 'id': 7337, 'name': 'Sri Lanka'}, {'status': 'ACTIVE', 'sortPriority': 2, 'id': 414464, 'name': 'India'}],hist_data/ADVANCED/2024/Aug/7/33468214/1.231453171
Worcestershire v Kent,1.231431354,33467056,[{'status': 'ACTIVE', 'sortPriority': 1, 'id': 31372, 'name': 'Worcestershire'}, {'status': 'ACTIVE', 'sortPriority': 2, 'id': 5901, 'name': 'Kent'}],hist_data/ADVANCED/2024/Aug/7/33467056/1.231431354
Trent Rockets v London Spirit,1.231432692,33467092,[{'status': 'ACTIVE', 'sortPriority': 1, 'id': 26354925, 'name': 'Trent Rockets'}, {'status': 'ACTIVE', 'sortPriority': 2, 'id': 26354928, 'name': 'London Spirit'}],hist_data/ADVANCED/2024/Aug/7/33467092/1.231432692
Northamptonshire v Somerset,1.231431366,33467057,[{'status': 'ACTIVE', 'sortPriority': 1, 'id': 475559, 'name': 'Northamptonshire'}, {'status': 'ACTIVE', 'sortPriority': 2, 'id': 5995, 'name': 'Somerset'}],hist_data/ADVANCED/2024/Aug/7/33467057/1.231431366
Leinster Lightning v North-West Warriors,1.232375043,33534236,[{'status': 'ACTIVE', 'sortPriority': 1, 'id': 19587555, 'name': 'Leinster Lightning'}, {'status': 'ACTIVE', 'sortPriority': 2, 'id': 25651861, 'name': 'North-West Warriors'}],hist_data/ADVANCED/2024/Aug/29/33534236/1.232375043
Barbados Royals W v Trinidad Knight Riders W,1.232376319,33534254,[{'status': 'ACTIVE', 'sortPriority': 1, 'id': 47674067, 'name': 'Barbados Royals W'}, {'status': 'ACTIVE', 'sortPriority': 2, 'id': 72963954, 'name': 'Trinidad Knight Riders W'}],hist_data/ADVANCED/2024/Aug/29/33534254/1.232376319
Ireland Women v Sri Lanka Women,1.231812237,33494693,[{'status': 'ACTIVE', 'sortPriority': 1, 'id': 10108898, 'name': 'Ireland Women'}, {'status': 'ACTIVE', 'sortPriority': 2, 'id': 10787826, 'name': 'Sri Lanka Women'}],hist_data/ADVANCED/2024/Aug/16/33494693/1.231812237
Netherlands Women v Scotland Women,1.231835108,33497015,[{'status': 'ACTIVE', 'sortPriority': 1, 'id': 25686043, 'name': 'Netherlands Women'}, {'status': 'ACTIVE', 'sortPriority': 2, 'id': 12482925, 'name': 'Scotland Women'}],hist_data/ADVANCED/2024/Aug/16/33497015/1.231835108
Worcestershire v Warwickshire,1.231819462,33495564,[{'status': 'ACTIVE', 'sortPriority': 1, 'id': 31372, 'name': 'Worcestershire'}, {'status': 'ACTIVE', 'sortPriority': 2, 'id': 2120, 'name': 'Warwickshire'}],hist_data/ADVANCED/2024/Aug/16/33495564/1.231819462
Leicestershire v Hampshire,1.231819456,33495565,[{'status': 'ACTIVE', 'sortPriority': 1, 'id': 31377, 'name': 'Leicestershire'}, {'status': 'ACTIVE', 'sortPriority': 2, 'id': 3961, 'name': 'Hampshire'}],hist_data/ADVANCED/2024/Aug/16/33495565/1.231819456
Birmingham Phoenix v Northern Superchargers,1.231432440,33467052,[{'status': 'ACTIVE', 'sortPriority': 1, 'id': 26354921, 'name': 'Birmingham Phoenix'}, {'status': 'ACTIVE', 'sortPriority': 2, 'id': 26354924, 'name': 'Northern Superchargers'}],hist_data/ADVANCED/2024/Aug/6/33467052/1.231432440
Manchester Originals W v Oval Invincibles W,1.231431378,33467053,[{'status': 'ACTIVE', 'sortPriority': 1, 'id': 40296818, 'name': 'Manchester Originals W'}, {'status': 'ACTIVE', 'sortPriority': 2, 'id': 40380901, 'name': 'Oval Invincibles W'}],hist_data/ADVANCED/2024/Aug/6/33467053/1.231431378
Surrey Jaguars v Montreal Tigers,1.231465188,33469581,[{'status': 'ACTIVE', 'sortPriority': 1, 'id': 58385184, 'name': 'Surrey Jaguars'}, {'status': 'ACTIVE', 'sortPriority': 2, 'id': 19144241, 'name': 'Montreal Tigers'}],hist_data/ADVANCED/2024/Aug/6/33469581/1.231465188
Brampton Wolves v Mississauga Bangla Tigers,1.231465258,33469587,[{'status': 'ACTIVE', 'sortPriority': 1, 'id': 25173012, 'name': 'Brampton Wolves'}, {'status': 'ACTIVE', 'sortPriority': 2, 'id': 71847983, 'name': 'Mississauga Bangla Tigers'}],hist_data/ADVANCED/2024/Aug/6/33469587/1.231465258
Birmingham Phoenix W v Northern Superchargers W,1.231400711,33465209,[{'status': 'ACTIVE', 'sortPriority': 1, 'id': 40296819, 'name': 'Birmingham Phoenix W'}, {'status': 'ACTIVE', 'sortPriority': 2, 'id': 40380900, 'name': 'Northern Superchargers W'}],hist_data/ADVANCED/2024/Aug/6/33465209/1.231400711
Middlesex v Durham,1.231401019,33465238,[{'status': 'ACTIVE', 'sortPriority': 1, 'id': 31378, 'name': 'Middlesex'}, {'status': 'ACTIVE', 'sortPriority': 2, 'id': 31374, 'name': 'Durham'}],hist_data/ADVANCED/2024/Aug/6/33465238/1.231401019
Papua New Guinea Women v Scotland Women,1.231469608,33469869,[{'status': 'ACTIVE', 'sortPriority': 1, 'id': 12474498, 'name': 'Papua New Guinea Women'}, {'status': 'ACTIVE', 'sortPriority': 2, 'id': 12482925, 'name': 'Scotland Women'}],hist_data/ADVANCED/2024/Aug/6/33469869/1.231469608
Yorkshire v Essex,1.231401013,33465237,[{'status': 'ACTIVE', 'sortPriority': 1, 'id': 655, 'name': 'Yorkshire'}, {'status': 'ACTIVE', 'sortPriority': 2, 'id': 31376, 'name': 'Essex'}],hist_data/ADVANCED/2024/Aug/6/33465237/1.231401013
Manchester Originals v Oval Invincibles,1.231432152,33467051,[{'status': 'ACTIVE', 'sortPriority': 1, 'id': 26354922, 'name': 'Manchester Originals'}, {'status': 'ACTIVE', 'sortPriority': 2, 'id': 26354923, 'name': 'Oval Invincibles'}],hist_data/ADVANCED/2024/Aug/6/33467051/1.231432152
Leicestershire v Surrey,1.231442166,33467903,[{'status': 'ACTIVE', 'sortPriority': 1, 'id': 31377, 'name': 'Leicestershire'}, {'status': 'ACTIVE', 'sortPriority': 2, 'id': 424676, 'name': 'Surrey'}],hist_data/ADVANCED/2024/Aug/6/33467903/1.231442166
Cyprus v Malta,1.232352483,33532605,[{'status': 'ACTIVE', 'sortPriority': 1, 'id': 61422697, 'name': 'Cyprus'}, {'status': 'ACTIVE', 'sortPriority': 2, 'id': 48800301, 'name': 'Malta'}],hist_data/ADVANCED/2024/Aug/28/33532605/1.232352483
Barbados Royals W v Trinidad Knight Riders W,1.232320889,33529195,[{'status': 'ACTIVE', 'sortPriority': 1, 'id': 47674067, 'name': 'Barbados Royals W'}, {'status': 'ACTIVE', 'sortPriority': 2, 'id': 72963954, 'name': 'Trinidad Knight Riders W'}],hist_data/ADVANCED/2024/Aug/28/33529195/1.232320889
Spain v Finland,1.232352479,33532598,[{'status': 'ACTIVE', 'sortPriority': 1, 'id': 24640635, 'name': 'Spain'}, {'status': 'ACTIVE', 'sortPriority': 2, 'id': 48610314, 'name': 'Finland'}],hist_data/ADVANCED/2024/Aug/28/33532598/1.232352479
Guernsey v Denmark,1.232352477,33532565,[{'status': 'ACTIVE', 'sortPriority': 1, 'id': 61077257, 'name': 'Guernsey'}, {'status': 'ACTIVE', 'sortPriority': 2, 'id': 206388, 'name': 'Denmark'}],hist_data/ADVANCED/2024/Aug/28/33532565/1.232352477
Leinster Lightning v North-West Warriors,1.232283832,33527284,[{'status': 'ACTIVE', 'sortPriority': 1, 'id': 19587555, 'name': 'Leinster Lightning'}, {'status': 'ACTIVE', 'sortPriority': 2, 'id': 25651861, 'name': 'North-West Warriors'}],hist_data/ADVANCED/2024/Aug/28/33527284/1.232283832
Czechia v Estonia,1.232352481,33532625,[{'status': 'ACTIVE', 'sortPriority': 1, 'id': 60971788, 'name': 'Czechia'}, {'status': 'ACTIVE', 'sortPriority': 2, 'id': 11392436, 'name': 'Estonia'}],hist_data/ADVANCED/2024/Aug/28/33532625/1.232352481
Netherlands v USA,1.232335220,33531036,[{'status': 'ACTIVE', 'sortPriority': 1, 'id': 228749, 'name': 'Netherlands'}, {'status': 'ACTIVE', 'sortPriority': 2, 'id': 891555, 'name': 'USA'}],hist_data/ADVANCED/2024/Aug/28/33531036/1.232335220
Netherlands v Canada,1.231845469,33497494,[{'status': 'ACTIVE', 'sortPriority': 1, 'id': 228749, 'name': 'Netherlands'}, {'status': 'ACTIVE', 'sortPriority': 2, 'id': 144197, 'name': 'Canada'}],hist_data/ADVANCED/2024/Aug/17/33497494/1.231845469
Oval Invincibles Women v London Spirit Women,1.231818131,33495342,[{'status': 'ACTIVE', 'sortPriority': 1, 'id': 40096582, 'name': 'Oval Invincibles Women'}, {'status': 'ACTIVE', 'sortPriority': 2, 'id': 40096576, 'name': 'London Spirit Women'}],hist_data/ADVANCED/2024/Aug/17/33495342/1.231818131
Birmingham Phoenix v Southern Brave,1.231859758,33498595,[{'status': 'ACTIVE', 'sortPriority': 1, 'id': 26354921, 'name': 'Birmingham Phoenix'}, {'status': 'ACTIVE', 'sortPriority': 2, 'id': 26354926, 'name': 'Southern Brave'}],hist_data/ADVANCED/2024/Aug/17/33498595/1.231859758
Southern Brave Women v Manchester Originals Women,1.231242460,33455020,[{'status': 'ACTIVE', 'sortPriority': 1, 'id': 40096579, 'name': 'Southern Brave Women'}, {'status': 'ACTIVE', 'sortPriority': 2, 'id': 40096590, 'name': 'Manchester Originals Women'}],hist_data/ADVANCED/2024/Aug/1/33455020/1.231242460
Southern Brave v Manchester Originals,1.231241311,33454955,[{'status': 'ACTIVE', 'sortPriority': 1, 'id': 26354926, 'name': 'Southern Brave'}, {'status': 'ACTIVE', 'sortPriority': 2, 'id': 26354922, 'name': 'Manchester Originals'}],hist_data/ADVANCED/2024/Aug/1/33454955/1.231241311
London Spirit Women v Welsh Fire Women,1.231174262,33450161,[{'status': 'ACTIVE', 'sortPriority': 1, 'id': 40096576, 'name': 'London Spirit Women'}, {'status': 'ACTIVE', 'sortPriority': 2, 'id': 40096581, 'name': 'Welsh Fire Women'}],hist_data/ADVANCED/2024/Aug/1/33450161/1.231174262
London Spirit v Welsh Fire,1.231172884,33450078,[{'status': 'ACTIVE', 'sortPriority': 1, 'id': 26354928, 'name': 'London Spirit'}, {'status': 'ACTIVE', 'sortPriority': 2, 'id': 26354927, 'name': 'Welsh Fire'}],hist_data/ADVANCED/2024/Aug/1/33450078/1.231172884
Welsh Fire v Birmingham Phoenix,1.231582994,33477722,[{'status': 'ACTIVE', 'sortPriority': 1, 'id': 26354927, 'name': 'Welsh Fire'}, {'status': 'ACTIVE', 'sortPriority': 2, 'id': 26354921, 'name': 'Birmingham Phoenix'}],hist_data/ADVANCED/2024/Aug/10/33477722/1.231582994
Brampton Wolves v Mississauga Bangla Tigers,1.231653447,33482920,[{'status': 'ACTIVE', 'sortPriority': 1, 'id': 25173012, 'name': 'Brampton Wolves'}, {'status': 'ACTIVE', 'sortPriority': 2, 'id': 71847983, 'name': 'Mississauga Bangla Tigers'}],hist_data/ADVANCED/2024/Aug/10/33482920/1.231653447
Welsh Fire Women v Birmingham Phoenix Women,1.231583597,33477708,[{'status': 'ACTIVE', 'sortPriority': 1, 'id': 40096581, 'name': 'Welsh Fire Women'}, {'status': 'ACTIVE', 'sortPriority': 2, 'id': 40096575, 'name': 'Birmingham Phoenix Women'}],hist_data/ADVANCED/2024/Aug/10/33477708/1.231583597
Southern Brave v Trent Rockets,1.231583429,33477706,[{'status': 'ACTIVE', 'sortPriority': 1, 'id': 26354926, 'name': 'Southern Brave'}, {'status': 'ACTIVE', 'sortPriority': 2, 'id': 26354925, 'name': 'Trent Rockets'}],hist_data/ADVANCED/2024/Aug/10/33477706/1.231583429
Mississauga Bangla Tigers v Toronto Nationals,1.231540926,33474954,[{'status': 'ACTIVE', 'sortPriority': 1, 'id': 71847983, 'name': 'Mississauga Bangla Tigers'}, {'status': 'ACTIVE', 'sortPriority': 2, 'id': 19144236, 'name': 'Toronto Nationals'}],hist_data/ADVANCED/2024/Aug/10/33474954/1.231540926
Brampton Wolves v Toronto Nationals,1.231664751,33483618,[{'status': 'ACTIVE', 'sortPriority': 1, 'id': 25173012, 'name': 'Brampton Wolves'}, {'status': 'ACTIVE', 'sortPriority': 2, 'id': 19144236, 'name': 'Toronto Nationals'}],hist_data/ADVANCED/2024/Aug/10/33483618/1.231664751
Southern Brave Women v Trent Rockets Women,1.231583502,33477704,[{'status': 'ACTIVE', 'sortPriority': 1, 'id': 40096579, 'name': 'Southern Brave Women'}, {'status': 'ACTIVE', 'sortPriority': 2, 'id': 40096580, 'name': 'Trent Rockets Women'}],hist_data/ADVANCED/2024/Aug/10/33477704/1.231583502
USA v Netherlands,1.232006967,33507953,[{'status': 'ACTIVE', 'sortPriority': 1, 'id': 891555, 'name': 'USA'}, {'status': 'ACTIVE', 'sortPriority': 2, 'id': 228749, 'name': 'Netherlands'}],hist_data/ADVANCED/2024/Aug/19/33507953/1.232006967
Boca Raton Trailblazers v Grand Cayman Stingrays,1.232011680,33507998,[{'status': 'ACTIVE', 'sortPriority': 1, 'id': 72857114, 'name': 'Boca Raton Trailblazers'}, {'status': 'ACTIVE', 'sortPriority': 2, 'id': 72857116, 'name': 'Grand Cayman Stingrays'}],hist_data/ADVANCED/2024/Aug/19/33507998/1.232011680
Caribbean Giants v Miami Lions,1.232011572,33507999,[{'status': 'ACTIVE', 'sortPriority': 1, 'id': 72857117, 'name': 'Caribbean Giants'}, {'status': 'ACTIVE', 'sortPriority': 2, 'id': 72857115, 'name': 'Miami Lions'}],hist_data/ADVANCED/2024/Aug/19/33507999/1.232011572
New York Strikers v Miami Lions,1.232011465,33507997,[{'status': 'ACTIVE', 'sortPriority': 1, 'id': 67083366, 'name': 'New York Strikers'}, {'status': 'ACTIVE', 'sortPriority': 2, 'id': 72857115, 'name': 'Miami Lions'}],hist_data/ADVANCED/2024/Aug/19/33507997/1.232011465
Netherlands v USA,1.231771706,33490719,[{'status': 'ACTIVE', 'sortPriority': 1, 'id': 228749, 'name': 'Netherlands'}, {'status': 'ACTIVE', 'sortPriority': 2, 'id': 891555, 'name': 'USA'}],hist_data/ADVANCED/2024/Aug/19/33490719/1.231771706
Canada v USA,1.231894482,33501041,[{'status': 'ACTIVE', 'sortPriority': 1, 'id': 144197, 'name': 'Canada'}, {'status': 'ACTIVE', 'sortPriority': 2, 'id': 891555, 'name': 'USA'}],hist_data/ADVANCED/2024/Aug/19/33501041/1.231894482
Southern Vipers v The Blaze,1.232012579,33508012,[{'status': 'ACTIVE', 'sortPriority': 1, 'id': 11445382, 'name': 'Southern Vipers'}, {'status': 'ACTIVE', 'sortPriority': 2, 'id': 54937156, 'name': 'The Blaze'}],hist_data/ADVANCED/2024/Aug/26/33508012/1.232012579
Western Storm v Central Sparks,1.232013126,33508015,[{'status': 'ACTIVE', 'sortPriority': 1, 'id': 11445383, 'name': 'Western Storm'}, {'status': 'ACTIVE', 'sortPriority': 2, 'id': 35736915, 'name': 'Central Sparks'}],hist_data/ADVANCED/2024/Aug/26/33508015/1.232013126
Guyana Amazon Warriors W v Trinidad K Riders W,1.232220900,33523125,[{'status': 'ACTIVE', 'sortPriority': 1, 'id': 47674068, 'name': 'Guyana Amazon Warriors W'}, {'status': 'ACTIVE', 'sortPriority': 2, 'id': 73038264, 'name': 'Trinidad K Riders W'}],hist_data/ADVANCED/2024/Aug/26/33523125/1.232220900
South East Stars v North West Thunder,1.232012797,33508011,[{'status': 'ACTIVE', 'sortPriority': 1, 'id': 35736920, 'name': 'South East Stars'}, {'status': 'ACTIVE', 'sortPriority': 2, 'id': 60190395, 'name': 'North West Thunder'}],hist_data/ADVANCED/2024/Aug/26/33508011/1.232012797
Sunrisers v Northern Diamonds,1.232012908,33508010,[{'status': 'ACTIVE', 'sortPriority': 1, 'id': 23387705, 'name': 'Sunrisers'}, {'status': 'ACTIVE', 'sortPriority': 2, 'id': 35736916, 'name': 'Northern Diamonds'}],hist_data/ADVANCED/2024/Aug/26/33508010/1.232012908
Canada v Netherlands,1.232258042,33525516,[{'status': 'ACTIVE', 'sortPriority': 1, 'id': 144197, 'name': 'Canada'}, {'status': 'ACTIVE', 'sortPriority': 2, 'id': 228749, 'name': 'Netherlands'}],hist_data/ADVANCED/2024/Aug/26/33525516/1.232258042
Hong Kong v Malaysia,1.232251555,33525294,[{'status': 'ACTIVE', 'sortPriority': 1, 'id': 247649, 'name': 'Hong Kong'}, {'status': 'ACTIVE', 'sortPriority': 2, 'id': 2857968, 'name': 'Malaysia'}],hist_data/ADVANCED/2024/Aug/26/33525294/1.232251555
Welsh Fire v Northern Superchargers,1.231502182,33472587,[{'status': 'ACTIVE', 'sortPriority': 1, 'id': 26354927, 'name': 'Welsh Fire'}, {'status': 'ACTIVE', 'sortPriority': 2, 'id': 26354924, 'name': 'Northern Superchargers'}],hist_data/ADVANCED/2024/Aug/8/33472587/1.231502182
Welsh Fire Women v Northern Superchargers Women,1.231501647,33472580,[{'status': 'ACTIVE', 'sortPriority': 1, 'id': 40096581, 'name': 'Welsh Fire Women'}, {'status': 'ACTIVE', 'sortPriority': 2, 'id': 40096589, 'name': 'Northern Superchargers Women'}],hist_data/ADVANCED/2024/Aug/8/33472580/1.231501647
Oval Invincibles v Southern Brave,1.231502049,33472592,[{'status': 'ACTIVE', 'sortPriority': 1, 'id': 26354923, 'name': 'Oval Invincibles'}, {'status': 'ACTIVE', 'sortPriority': 2, 'id': 26354926, 'name': 'Southern Brave'}],hist_data/ADVANCED/2024/Aug/8/33472592/1.231502049
Warwickshire v Glamorgan,1.231447835,33468175,[{'status': 'ACTIVE', 'sortPriority': 1, 'id': 2120, 'name': 'Warwickshire'}, {'status': 'ACTIVE', 'sortPriority': 2, 'id': 169, 'name': 'Glamorgan'}],hist_data/ADVANCED/2024/Aug/8/33468175/1.231447835
Netherlands Women v Scotland Women,1.231499799,33472077,[{'status': 'ACTIVE', 'sortPriority': 1, 'id': 25686043, 'name': 'Netherlands Women'}, {'status': 'ACTIVE', 'sortPriority': 2, 'id': 12482925, 'name': 'Scotland Women'}],hist_data/ADVANCED/2024/Aug/8/33472077/1.231499799
Yorkshire v Leicestershire,1.231501225,33472291,[{'status': 'ACTIVE', 'sortPriority': 1, 'id': 655, 'name': 'Yorkshire'}, {'status': 'ACTIVE', 'sortPriority': 2, 'id': 31377, 'name': 'Leicestershire'}],hist_data/ADVANCED/2024/Aug/8/33472291/1.231501225
Lancashire v Middlesex,1.231501640,33472583,[{'status': 'ACTIVE', 'sortPriority': 1, 'id': 424679, 'name': 'Lancashire'}, {'status': 'ACTIVE', 'sortPriority': 2, 'id': 31378, 'name': 'Middlesex'}],hist_data/ADVANCED/2024/Aug/8/33472583/1.231501640
Oval Invincibles Women v Southern Brave Women,1.231501844,33472590,[{'status': 'ACTIVE', 'sortPriority': 1, 'id': 40096582, 'name': 'Oval Invincibles Women'}, {'status': 'ACTIVE', 'sortPriority': 2, 'id': 40096579, 'name': 'Southern Brave Women'}],hist_data/ADVANCED/2024/Aug/8/33472590/1.231501844
Caribbean Giants v Grand Cayman Stingrays,1.232050243,33511212,[{'status': 'ACTIVE', 'sortPriority': 1, 'id': 72857117, 'name': 'Caribbean Giants'}, {'status': 'ACTIVE', 'sortPriority': 2, 'id': 72857116, 'name': 'Grand Cayman Stingrays'}],hist_data/ADVANCED/2024/Aug/21/33511212/1.232050243
Czechia v Denmark,1.231812437,33494715,[{'status': 'ACTIVE', 'sortPriority': 1, 'id': 60971788, 'name': 'Czechia'}, {'status': 'ACTIVE', 'sortPriority': 2, 'id': 206388, 'name': 'Denmark'}],hist_data/ADVANCED/2024/Aug/21/33494715/1.231812437
New York Strikers v Miami Lions,1.232049325,33511213,[{'status': 'ACTIVE', 'sortPriority': 1, 'id': 67083366, 'name': 'New York Strikers'}, {'status': 'ACTIVE', 'sortPriority': 2, 'id': 72857115, 'name': 'Miami Lions'}],hist_data/ADVANCED/2024/Aug/21/33511213/1.232049325
Kuwait v Hong Kong,1.232048439,33511327,[{'status': 'ACTIVE', 'sortPriority': 1, 'id': 8858694, 'name': 'Kuwait'}, {'status': 'ACTIVE', 'sortPriority': 2, 'id': 247649, 'name': 'Hong Kong'}],hist_data/ADVANCED/2024/Aug/21/33511327/1.232048439
Munster Reds v Northern Knights,1.231845460,33497364,[{'status': 'ACTIVE', 'sortPriority': 1, 'id': 19587212, 'name': 'Munster Reds'}, {'status': 'ACTIVE', 'sortPriority': 2, 'id': 6847357, 'name': 'Northern Knights'}],hist_data/ADVANCED/2024/Aug/21/33497364/1.231845460
Cyprus v Spain,1.232013796,33508162,[{'status': 'ACTIVE', 'sortPriority': 1, 'id': 61422697, 'name': 'Cyprus'}, {'status': 'ACTIVE', 'sortPriority': 2, 'id': 24640635, 'name': 'Spain'}],hist_data/ADVANCED/2024/Aug/21/33508162/1.232013796
New York Strikers v Boca Raton Trailblazers,1.232048948,33511211,[{'status': 'ACTIVE', 'sortPriority': 1, 'id': 67083366, 'name': 'New York Strikers'}, {'status': 'ACTIVE', 'sortPriority': 2, 'id': 72857114, 'name': 'Boca Raton Trailblazers'}],hist_data/ADVANCED/2024/Aug/21/33511211/1.232048948
Finland v Malta,1.231812465,33494773,[{'status': 'ACTIVE', 'sortPriority': 1, 'id': 48610314, 'name': 'Finland'}, {'status': 'ACTIVE', 'sortPriority': 2, 'id': 48800301, 'name': 'Malta'}],hist_data/ADVANCED/2024/Aug/21/33494773/1.231812465
Guernsey v Bulgaria,1.232013794,33508163,[{'status': 'ACTIVE', 'sortPriority': 1, 'id': 61077257, 'name': 'Guernsey'}, {'status': 'ACTIVE', 'sortPriority': 2, 'id': 61077258, 'name': 'Bulgaria'}],hist_data/ADVANCED/2024/Aug/21/33508163/1.232013794
Caribbean Giants v Miami Lions,1.232048715,33511210,[{'status': 'ACTIVE', 'sortPriority': 1, 'id': 72857117, 'name': 'Caribbean Giants'}, {'status': 'ACTIVE', 'sortPriority': 2, 'id': 72857115, 'name': 'Miami Lions'}],hist_data/ADVANCED/2024/Aug/21/33511210/1.232048715
Netherlands v USA,1.232027547,33509597,[{'status': 'ACTIVE', 'sortPriority': 1, 'id': 228749, 'name': 'Netherlands'}, {'status': 'ACTIVE', 'sortPriority': 2, 'id': 891555, 'name': 'USA'}],hist_data/ADVANCED/2024/Aug/21/33509597/1.232027547
Maldives v Singapore,1.232459454,33540029,[{'status': 'ACTIVE', 'sortPriority': 1, 'id': 8858707, 'name': 'Maldives'}, {'status': 'ACTIVE', 'sortPriority': 2, 'id': 7587363, 'name': 'Singapore'}],hist_data/ADVANCED/2024/Aug/31/33540029/1.232459454
The Blaze v Sunrisers,1.232283788,33527244,[{'status': 'ACTIVE', 'sortPriority': 1, 'id': 54937156, 'name': 'The Blaze'}, {'status': 'ACTIVE', 'sortPriority': 2, 'id': 23387705, 'name': 'Sunrisers'}],hist_data/ADVANCED/2024/Aug/31/33527244/1.232283788
South East Stars v Western Storm,1.232283786,33527252,[{'status': 'ACTIVE', 'sortPriority': 1, 'id': 35736920, 'name': 'South East Stars'}, {'status': 'ACTIVE', 'sortPriority': 2, 'id': 11445383, 'name': 'Western Storm'}],hist_data/ADVANCED/2024/Aug/31/33527252/1.232283786
Hong Kong v Mongolia,1.232462894,33540261,[{'status': 'ACTIVE', 'sortPriority': 1, 'id': 247649, 'name': 'Hong Kong'}, {'status': 'ACTIVE', 'sortPriority': 2, 'id': 61044843, 'name': 'Mongolia'}],hist_data/ADVANCED/2024/Aug/31/33540261/1.232462894
Malaysia v Myanmar,1.232460189,33540053,[{'status': 'ACTIVE', 'sortPriority': 1, 'id': 2857968, 'name': 'Malaysia'}, {'status': 'ACTIVE', 'sortPriority': 2, 'id': 73094924, 'name': 'Myanmar'}],hist_data/ADVANCED/2024/Aug/31/33540053/1.232460189
Antigua And Barbuda Falcons v Guyana Amazon Warrio,1.232419454,33537100,[{'status': 'ACTIVE', 'sortPriority': 1, 'id': 73076816, 'name': 'Antigua And Barbuda Falcons'}, {'status': 'ACTIVE', 'sortPriority': 2, 'id': 20343075, 'name': 'Guyana Amazon Warriors'}],hist_data/ADVANCED/2024/Aug/31/33537100/1.232419454
Kuwait v Mongolia,1.232283863,33527219,[{'status': 'ACTIVE', 'sortPriority': 1, 'id': 8858694, 'name': 'Kuwait'}, {'status': 'ACTIVE', 'sortPriority': 2, 'id': 61044843, 'name': 'Mongolia'}],hist_data/ADVANCED/2024/Aug/30/33527219/1.232283863
Antigua And Barbuda Falcons v St. Kitts and Nevis ,1.232265011,33525842,[{'status': 'ACTIVE', 'sortPriority': 1, 'id': 73076816, 'name': 'Antigua And Barbuda Falcons'}, {'status': 'ACTIVE', 'sortPriority': 2, 'id': 73076870, 'name': 'St. Kitts and Nevis'}],hist_data/ADVANCED/2024/Aug/30/33525842/1.232265011
Malaysia v Maldives,1.232283868,33527208,[{'status': 'ACTIVE', 'sortPriority': 1, 'id': 2857968, 'name': 'Malaysia'}, {'status': 'ACTIVE', 'sortPriority': 2, 'id': 8858707, 'name': 'Maldives'}],hist_data/ADVANCED/2024/Aug/30/33527208/1.232283868
Hong Kong v Myanmar,1.232283837,33527214,[{'status': 'ACTIVE', 'sortPriority': 1, 'id': 247649, 'name': 'Hong Kong'}, {'status': 'ACTIVE', 'sortPriority': 2, 'id': 73094924, 'name': 'Myanmar'}],hist_data/ADVANCED/2024/Aug/30/33527214/1.232283837
Central Sparks v Southern Vipers,1.232283784,33527241,[{'status': 'ACTIVE', 'sortPriority': 1, 'id': 35736915, 'name': 'Central Sparks'}, {'status': 'ACTIVE', 'sortPriority': 2, 'id': 11445382, 'name': 'Southern Vipers'}],hist_data/ADVANCED/2024/Aug/30/33527241/1.232283784
Hong Kong v Kuwait,1.232184480,33520609,[{'status': 'ACTIVE', 'sortPriority': 1, 'id': 247649, 'name': 'Hong Kong'}, {'status': 'ACTIVE', 'sortPriority': 2, 'id': 8858694, 'name': 'Kuwait'}],hist_data/ADVANCED/2024/Aug/24/33520609/1.232184480
USA v Canada,1.232160907,33518099,[{'status': 'ACTIVE', 'sortPriority': 1, 'id': 891555, 'name': 'USA'}, {'status': 'ACTIVE', 'sortPriority': 2, 'id': 144197, 'name': 'Canada'}],hist_data/ADVANCED/2024/Aug/24/33518099/1.232160907
Trinidad Knight Riders Women v Guyana Amazon Warri,1.232196998,33520514,[{'status': 'ACTIVE', 'sortPriority': 1, 'id': 72963954, 'name': 'Trinidad Knight Riders W'}, {'status': 'ACTIVE', 'sortPriority': 2, 'id': 60191231, 'name': 'Guyana Amazon W'}],hist_data/ADVANCED/2024/Aug/24/33520514/1.232196998
Bulgaria v Estonia,1.232130684,33517182,[{'status': 'ACTIVE', 'sortPriority': 1, 'id': 61077258, 'name': 'Bulgaria'}, {'status': 'ACTIVE', 'sortPriority': 2, 'id': 11392436, 'name': 'Estonia'}],hist_data/ADVANCED/2024/Aug/24/33517182/1.232130684
Denmark v Spain,1.232131052,33517239,[{'status': 'ACTIVE', 'sortPriority': 1, 'id': 206388, 'name': 'Denmark'}, {'status': 'ACTIVE', 'sortPriority': 2, 'id': 24640635, 'name': 'Spain'}],hist_data/ADVANCED/2024/Aug/24/33517239/1.232131052
Boca Raton Trailblazers v New York Strikers,1.232215600,33522473,[{'status': 'ACTIVE', 'sortPriority': 1, 'id': 72857114, 'name': 'Boca Raton Trailblazers'}, {'status': 'ACTIVE', 'sortPriority': 2, 'id': 67083366, 'name': 'New York Strikers'}],hist_data/ADVANCED/2024/Aug/24/33522473/1.232215600
Grand Cayman Stingrays v New York Strikers,1.232215494,33522474,[{'status': 'ACTIVE', 'sortPriority': 1, 'id': 72857116, 'name': 'Grand Cayman Stingrays'}, {'status': 'ACTIVE', 'sortPriority': 2, 'id': 67083366, 'name': 'New York Strikers'}],hist_data/ADVANCED/2024/Aug/24/33522474/1.232215494
Cyprus v Greece,1.232130558,33517162,[{'status': 'ACTIVE', 'sortPriority': 1, 'id': 61422697, 'name': 'Cyprus'}, {'status': 'ACTIVE', 'sortPriority': 2, 'id': 60971786, 'name': 'Greece'}],hist_data/ADVANCED/2024/Aug/24/33517162/1.232130558
Grand Cayman Stingrays v Boca Raton Trailblazers,1.232215547,33522475,[{'status': 'ACTIVE', 'sortPriority': 1, 'id': 72857116, 'name': 'Grand Cayman Stingrays'}, {'status': 'ACTIVE', 'sortPriority': 2, 'id': 72857114, 'name': 'Boca Raton Trailblazers'}],hist_data/ADVANCED/2024/Aug/24/33522475/1.232215547
Guernsey v Finland,1.232132831,33517394,[{'status': 'ACTIVE', 'sortPriority': 1, 'id': 61077257, 'name': 'Guernsey'}, {'status': 'ACTIVE', 'sortPriority': 2, 'id': 48610314, 'name': 'Finland'}],hist_data/ADVANCED/2024/Aug/24/33517394/1.232132831
West Indies v South Africa,1.231956621,33504815,[{'status': 'ACTIVE', 'sortPriority': 1, 'id': 235, 'name': 'West Indies'}, {'status': 'ACTIVE', 'sortPriority': 2, 'id': 349, 'name': 'South Africa'}],hist_data/ADVANCED/2024/Aug/23/33504815/1.231956621
New York Strikers v Boca Raton Trailblazers,1.232207311,33521968,[{'status': 'ACTIVE', 'sortPriority': 1, 'id': 67083366, 'name': 'New York Strikers'}, {'status': 'ACTIVE', 'sortPriority': 2, 'id': 72857114, 'name': 'Boca Raton Trailblazers'}],hist_data/ADVANCED/2024/Aug/23/33521968/1.232207311
Netherlands v Canada,1.232056652,33511969,[{'status': 'ACTIVE', 'sortPriority': 1, 'id': 228749, 'name': 'Netherlands'}, {'status': 'ACTIVE', 'sortPriority': 2, 'id': 144197, 'name': 'Canada'}],hist_data/ADVANCED/2024/Aug/23/33511969/1.232056652
Trinidad Knight Riders W v Barbados Royals W,1.232135506,33516557,[{'status': 'ACTIVE', 'sortPriority': 1, 'id': 72963954, 'name': 'Trinidad Knight Riders W'}, {'status': 'ACTIVE', 'sortPriority': 2, 'id': 47674067, 'name': 'Barbados Royals W'}],hist_data/ADVANCED/2024/Aug/23/33516557/1.232135506
Hong Kong v Malaysia,1.232135082,33517477,[{'status': 'ACTIVE', 'sortPriority': 1, 'id': 247649, 'name': 'Hong Kong'}, {'status': 'ACTIVE', 'sortPriority': 2, 'id': 2857968, 'name': 'Malaysia'}],hist_data/ADVANCED/2024/Aug/23/33517477/1.232135082
Caribbean Tigers v Boca Raton Trailblazers,1.232129550,33516975,[{'status': 'ACTIVE', 'sortPriority': 1, 'id': 72922097, 'name': 'Caribbean Tigers'}, {'status': 'ACTIVE', 'sortPriority': 2, 'id': 72857114, 'name': 'Boca Raton Trailblazers'}],hist_data/ADVANCED/2024/Aug/23/33516975/1.232129550
Miami Lions v Grand Cayman Stingrays,1.232174751,33519697,[{'status': 'ACTIVE', 'sortPriority': 1, 'id': 72857115, 'name': 'Miami Lions'}, {'status': 'ACTIVE', 'sortPriority': 2, 'id': 72857116, 'name': 'Grand Cayman Stingrays'}],hist_data/ADVANCED/2024/Aug/23/33519697/1.232174751
Essex v Glamorgan,1.231355726,33463142,[{'status': 'ACTIVE', 'sortPriority': 1, 'id': 31376, 'name': 'Essex'}, {'status': 'ACTIVE', 'sortPriority': 2, 'id': 169, 'name': 'Glamorgan'}],hist_data/ADVANCED/2024/Aug/4/33463142/1.231355726
London Spirit v Oval Invincibles,1.231345275,33462715,[{'status': 'ACTIVE', 'sortPriority': 1, 'id': 26354928, 'name': 'London Spirit'}, {'status': 'ACTIVE', 'sortPriority': 2, 'id': 26354923, 'name': 'Oval Invincibles'}],hist_data/ADVANCED/2024/Aug/4/33462715/1.231345275
Northern Superchargers v Manchester Originals,1.231345620,33462723,[{'status': 'ACTIVE', 'sortPriority': 1, 'id': 26354924, 'name': 'Northern Superchargers'}, {'status': 'ACTIVE', 'sortPriority': 2, 'id': 26354922, 'name': 'Manchester Originals'}],hist_data/ADVANCED/2024/Aug/4/33462723/1.231345620
Kent v Middlesex,1.231284929,33458219,[{'status': 'ACTIVE', 'sortPriority': 1, 'id': 5901, 'name': 'Kent'}, {'status': 'ACTIVE', 'sortPriority': 2, 'id': 31378, 'name': 'Middlesex'}],hist_data/ADVANCED/2024/Aug/4/33458219/1.231284929
Sri Lanka v India,1.231371294,33462952,[{'status': 'ACTIVE', 'sortPriority': 1, 'id': 7337, 'name': 'Sri Lanka'}, {'status': 'ACTIVE', 'sortPriority': 2, 'id': 414464, 'name': 'India'}],hist_data/ADVANCED/2024/Aug/4/33462952/1.231371294
Surrey v Nottinghamshire,1.231344826,33462739,[{'status': 'ACTIVE', 'sortPriority': 1, 'id': 424676, 'name': 'Surrey'}, {'status': 'ACTIVE', 'sortPriority': 2, 'id': 2780, 'name': 'Nottinghamshire'}],hist_data/ADVANCED/2024/Aug/4/33462739/1.231344826
Lyca Kovai Kings v Dindigul Dragons,1.231377396,33463788,[{'status': 'ACTIVE', 'sortPriority': 1, 'id': 11653069, 'name': 'Lyca Kovai Kings'}, {'status': 'ACTIVE', 'sortPriority': 2, 'id': 11674133, 'name': 'Dindigul Dragons'}],hist_data/ADVANCED/2024/Aug/4/33463788/1.231377396
London Spirit Women v Oval Invincibles Women,1.231336323,33462068,[{'status': 'ACTIVE', 'sortPriority': 1, 'id': 40096576, 'name': 'London Spirit Women'}, {'status': 'ACTIVE', 'sortPriority': 2, 'id': 40096582, 'name': 'Oval Invincibles Women'}],hist_data/ADVANCED/2024/Aug/4/33462068/1.231336323
Northern Superchargers W v Manchester Originals W,1.231397068,33462721,[{'status': 'ACTIVE', 'sortPriority': 1, 'id': 40380900, 'name': 'Northern Superchargers W'}, {'status': 'ACTIVE', 'sortPriority': 2, 'id': 40296818, 'name': 'Manchester Originals W'}],hist_data/ADVANCED/2024/Aug/4/33462721/1.231397068
Hampshire v Lancashire,1.231344144,33462710,[{'status': 'ACTIVE', 'sortPriority': 1, 'id': 3961, 'name': 'Hampshire'}, {'status': 'ACTIVE', 'sortPriority': 2, 'id': 424679, 'name': 'Lancashire'}],hist_data/ADVANCED/2024/Aug/4/33462710/1.231344144
Gloucestershire v Warwickshire,1.231344137,33462743,[{'status': 'ACTIVE', 'sortPriority': 1, 'id': 2219, 'name': 'Gloucestershire'}, {'status': 'ACTIVE', 'sortPriority': 2, 'id': 2120, 'name': 'Warwickshire'}],hist_data/ADVANCED/2024/Aug/4/33462743/1.231344137
Brampton Wolves v Surrey Jaguars,1.231395388,33464867,[{'status': 'ACTIVE', 'sortPriority': 1, 'id': 25173012, 'name': 'Brampton Wolves'}, {'status': 'ACTIVE', 'sortPriority': 2, 'id': 58385184, 'name': 'Surrey Jaguars'}],hist_data/ADVANCED/2024/Aug/4/33464867/1.231395388
Somerset v Derbyshire,1.231342129,33462590,[{'status': 'ACTIVE', 'sortPriority': 1, 'id': 5995, 'name': 'Somerset'}, {'status': 'ACTIVE', 'sortPriority': 2, 'id': 31375, 'name': 'Derbyshire'}],hist_data/ADVANCED/2024/Aug/4/33462590/1.231342129
Montreal Tigers v Vancouver Knights,1.231395459,33464866,[{'status': 'ACTIVE', 'sortPriority': 1, 'id': 19144241, 'name': 'Montreal Tigers'}, {'status': 'ACTIVE', 'sortPriority': 2, 'id': 19144239, 'name': 'Vancouver Knights'}],hist_data/ADVANCED/2024/Aug/4/33464866/1.231395459
Northamptonshire v Worcestershire,1.231344548,33462734,[{'status': 'ACTIVE', 'sortPriority': 1, 'id': 475559, 'name': 'Northamptonshire'}, {'status': 'ACTIVE', 'sortPriority': 2, 'id': 31372, 'name': 'Worcestershire'}],hist_data/ADVANCED/2024/Aug/4/33462734/1.231344548
Sussex v Leicestershire,1.231344876,33462684,[{'status': 'ACTIVE', 'sortPriority': 1, 'id': 31379, 'name': 'Sussex'}, {'status': 'ACTIVE', 'sortPriority': 2, 'id': 31377, 'name': 'Leicestershire'}],hist_data/ADVANCED/2024/Aug/4/33462684/1.231344876
Papua New Guinea Women v Scotland Women,1.231815703,33495145,[{'status': 'ACTIVE', 'sortPriority': 1, 'id': 12474498, 'name': 'Papua New Guinea Women'}, {'status': 'ACTIVE', 'sortPriority': 2, 'id': 12482925, 'name': 'Scotland Women'}],hist_data/ADVANCED/2024/Aug/15/33495145/1.231815703
North-West Warriors v Northern Knights,1.231802577,33494063,[{'status': 'ACTIVE', 'sortPriority': 1, 'id': 25651861, 'name': 'North-West Warriors'}, {'status': 'ACTIVE', 'sortPriority': 2, 'id': 6847357, 'name': 'Northern Knights'}],hist_data/ADVANCED/2024/Aug/15/33494063/1.231802577
Birmingham Phoenix v Manchester Originals,1.231737525,33488511,[{'status': 'ACTIVE', 'sortPriority': 1, 'id': 26354921, 'name': 'Birmingham Phoenix'}, {'status': 'ACTIVE', 'sortPriority': 2, 'id': 26354922, 'name': 'Manchester Originals'}],hist_data/ADVANCED/2024/Aug/15/33488511/1.231737525
Birmingham Phoenix W v Manchester Originals W,1.231732748,33488437,[{'status': 'ACTIVE', 'sortPriority': 1, 'id': 40296819, 'name': 'Birmingham Phoenix W'}, {'status': 'ACTIVE', 'sortPriority': 2, 'id': 40296818, 'name': 'Manchester Originals W'}],hist_data/ADVANCED/2024/Aug/15/33488437/1.231732748
Toronto Nationals v Vancouver Knights,1.231361532,33463378,[{'status': 'ACTIVE', 'sortPriority': 1, 'id': 19144236, 'name': 'Toronto Nationals'}, {'status': 'ACTIVE', 'sortPriority': 2, 'id': 19144239, 'name': 'Vancouver Knights'}],hist_data/ADVANCED/2024/Aug/3/33463378/1.231361532
Birmingham Phoenix Women v Southern Brave Women,1.231314218,33460486,[{'status': 'ACTIVE', 'sortPriority': 1, 'id': 40096575, 'name': 'Birmingham Phoenix Women'}, {'status': 'ACTIVE', 'sortPriority': 2, 'id': 40096579, 'name': 'Southern Brave Women'}],hist_data/ADVANCED/2024/Aug/3/33460486/1.231314218
Birmingham Phoenix v Southern Brave,1.231315504,33460487,[{'status': 'ACTIVE', 'sortPriority': 1, 'id': 26354921, 'name': 'Birmingham Phoenix'}, {'status': 'ACTIVE', 'sortPriority': 2, 'id': 26354926, 'name': 'Southern Brave'}],hist_data/ADVANCED/2024/Aug/3/33460487/1.231315504
Trent Rockets Women v Welsh Fire Women,1.231314290,33460494,[{'status': 'ACTIVE', 'sortPriority': 1, 'id': 40096580, 'name': 'Trent Rockets Women'}, {'status': 'ACTIVE', 'sortPriority': 2, 'id': 40096581, 'name': 'Welsh Fire Women'}],hist_data/ADVANCED/2024/Aug/3/33460494/1.231314290
Trent Rockets v Welsh Fire,1.231315432,33460495,[{'status': 'ACTIVE', 'sortPriority': 1, 'id': 26354925, 'name': 'Trent Rockets'}, {'status': 'ACTIVE', 'sortPriority': 2, 'id': 26354927, 'name': 'Welsh Fire'}],hist_data/ADVANCED/2024/Aug/3/33460495/1.231315432
Brampton Wolves v Mississauga Bangla Tigers,1.231282333,33457836,[{'status': 'ACTIVE', 'sortPriority': 1, 'id': 25173012, 'name': 'Brampton Wolves'}, {'status': 'ACTIVE', 'sortPriority': 2, 'id': 71847983, 'name': 'Mississauga Bangla Tigers'}],hist_data/ADVANCED/2024/Aug/3/33457836/1.231282333
Netherlands Women v Scotland Women,1.231613197,33480110,[{'status': 'ACTIVE', 'sortPriority': 1, 'id': 25686043, 'name': 'Netherlands Women'}, {'status': 'ACTIVE', 'sortPriority': 2, 'id': 12482925, 'name': 'Scotland Women'}],hist_data/ADVANCED/2024/Aug/12/33480110/1.231613197
Birmingham Phoenix v Trent Rockets,1.231661434,33483444,[{'status': 'ACTIVE', 'sortPriority': 1, 'id': 26354921, 'name': 'Birmingham Phoenix'}, {'status': 'ACTIVE', 'sortPriority': 2, 'id': 26354925, 'name': 'Trent Rockets'}],hist_data/ADVANCED/2024/Aug/12/33483444/1.231661434
Birmingham Phoenix Women v Trent Rockets Women,1.231659675,33483325,[{'status': 'ACTIVE', 'sortPriority': 1, 'id': 40096575, 'name': 'Birmingham Phoenix Women'}, {'status': 'ACTIVE', 'sortPriority': 2, 'id': 40096580, 'name': 'Trent Rockets Women'}],hist_data/ADVANCED/2024/Aug/12/33483325/1.231659675
Oval Invincibles v Northern Superchargers,1.231243232,33455130,[{'status': 'ACTIVE', 'sortPriority': 1, 'id': 26354923, 'name': 'Oval Invincibles'}, {'status': 'ACTIVE', 'sortPriority': 2, 'id': 26354924, 'name': 'Northern Superchargers'}],hist_data/ADVANCED/2024/Aug/2/33455130/1.231243232
Vancouver Knights v Surrey Jaguars,1.231282404,33457835,[{'status': 'ACTIVE', 'sortPriority': 1, 'id': 19144239, 'name': 'Vancouver Knights'}, {'status': 'ACTIVE', 'sortPriority': 2, 'id': 58385184, 'name': 'Surrey Jaguars'}],hist_data/ADVANCED/2024/Aug/2/33457835/1.231282404
Derbyshire v Worcestershire,1.231282919,33458013,[{'status': 'ACTIVE', 'sortPriority': 1, 'id': 31375, 'name': 'Derbyshire'}, {'status': 'ACTIVE', 'sortPriority': 2, 'id': 31372, 'name': 'Worcestershire'}],hist_data/ADVANCED/2024/Aug/2/33458013/1.231282919
Warwickshire v Surrey,1.231242812,33455059,[{'status': 'ACTIVE', 'sortPriority': 1, 'id': 2120, 'name': 'Warwickshire'}, {'status': 'ACTIVE', 'sortPriority': 2, 'id': 424676, 'name': 'Surrey'}],hist_data/ADVANCED/2024/Aug/2/33455059/1.231242812
Somerset v Lancashire,1.231284093,33458119,[{'status': 'ACTIVE', 'sortPriority': 1, 'id': 5995, 'name': 'Somerset'}, {'status': 'ACTIVE', 'sortPriority': 2, 'id': 424679, 'name': 'Lancashire'}],hist_data/ADVANCED/2024/Aug/2/33458119/1.231284093
Yorkshire v Gloucestershire,1.231284099,33458137,[{'status': 'ACTIVE', 'sortPriority': 1, 'id': 655, 'name': 'Yorkshire'}, {'status': 'ACTIVE', 'sortPriority': 2, 'id': 2219, 'name': 'Gloucestershire'}],hist_data/ADVANCED/2024/Aug/2/33458137/1.231284099
Toronto Nationals v Montreal Tigers,1.231242248,33455015,[{'status': 'ACTIVE', 'sortPriority': 1, 'id': 19144236, 'name': 'Toronto Nationals'}, {'status': 'ACTIVE', 'sortPriority': 2, 'id': 19144241, 'name': 'Montreal Tigers'}],hist_data/ADVANCED/2024/Aug/2/33455015/1.231242248
Glamorgan v Sussex,1.231283997,33458074,[{'status': 'ACTIVE', 'sortPriority': 1, 'id': 169, 'name': 'Glamorgan'}, {'status': 'ACTIVE', 'sortPriority': 2, 'id': 31379, 'name': 'Sussex'}],hist_data/ADVANCED/2024/Aug/2/33458074/1.231283997
Sri Lanka v India,1.231282474,33457877,[{'status': 'ACTIVE', 'sortPriority': 1, 'id': 7337, 'name': 'Sri Lanka'}, {'status': 'ACTIVE', 'sortPriority': 2, 'id': 414464, 'name': 'India'}],hist_data/ADVANCED/2024/Aug/2/33457877/1.231282474
Oval Invincibles Women v Northern Superchargers Wo,1.231243109,33455129,[{'status': 'ACTIVE', 'sortPriority': 1, 'id': 40380901, 'name': 'Oval Invincibles W'}, {'status': 'ACTIVE', 'sortPriority': 2, 'id': 40380900, 'name': 'Northern Superchargers W'}],hist_data/ADVANCED/2024/Aug/2/33455129/1.231243109
Tiruppur Tamizhans v Dindigul Dragons,1.231295013,33458989,[{'status': 'ACTIVE', 'sortPriority': 1, 'id': 71234216, 'name': 'Tiruppur Tamizhans'}, {'status': 'ACTIVE', 'sortPriority': 2, 'id': 11674133, 'name': 'Dindigul Dragons'}],hist_data/ADVANCED/2024/Aug/2/33458989/1.231295013
Durham v Northamptonshire,1.231282946,33457992,[{'status': 'ACTIVE', 'sortPriority': 1, 'id': 31374, 'name': 'Durham'}, {'status': 'ACTIVE', 'sortPriority': 2, 'id': 475559, 'name': 'Northamptonshire'}],hist_data/ADVANCED/2024/Aug/2/33457992/1.231282946
Northern Superchargers Women v London Spirit Women,1.231703146,33486248,[{'status': 'ACTIVE', 'sortPriority': 1, 'id': 40096589, 'name': 'Northern Superchargers Women'}, {'status': 'ACTIVE', 'sortPriority': 2, 'id': 40096576, 'name': 'London Spirit Women'}],hist_data/ADVANCED/2024/Aug/13/33486248/1.231703146
Northern Superchargers v London Spirit,1.231703222,33486247,[{'status': 'ACTIVE', 'sortPriority': 1, 'id': 26354924, 'name': 'Northern Superchargers'}, {'status': 'ACTIVE', 'sortPriority': 2, 'id': 26354928, 'name': 'London Spirit'}],hist_data/ADVANCED/2024/Aug/13/33486247/1.231703222
Ireland Women v Sri Lanka Women,1.231696358,33485890,[{'status': 'ACTIVE', 'sortPriority': 1, 'id': 10108898, 'name': 'Ireland Women'}, {'status': 'ACTIVE', 'sortPriority': 2, 'id': 10787826, 'name': 'Sri Lanka Women'}],hist_data/ADVANCED/2024/Aug/13/33485890/1.231696358
Canada v USA,1.231690624,33485531,[{'status': 'ACTIVE', 'sortPriority': 1, 'id': 144197, 'name': 'Canada'}, {'status': 'ACTIVE', 'sortPriority': 2, 'id': 891555, 'name': 'USA'}],hist_data/ADVANCED/2024/Aug/13/33485531/1.231690624
Welsh Fire v Southern Brave,1.231402425,33465427,[{'status': 'ACTIVE', 'sortPriority': 1, 'id': 26354927, 'name': 'Welsh Fire'}, {'status': 'ACTIVE', 'sortPriority': 2, 'id': 26354926, 'name': 'Southern Brave'}],hist_data/ADVANCED/2024/Aug/5/33465427/1.231402425
Toronto Nationals v Montreal Tigers,1.231426403,33466782,[{'status': 'ACTIVE', 'sortPriority': 1, 'id': 19144236, 'name': 'Toronto Nationals'}, {'status': 'ACTIVE', 'sortPriority': 2, 'id': 19144241, 'name': 'Montreal Tigers'}],hist_data/ADVANCED/2024/Aug/5/33466782/1.231426403
Netherlands Women v Papua New Guinea Women,1.231454138,33468635,[{'status': 'ACTIVE', 'sortPriority': 1, 'id': 25686043, 'name': 'Netherlands Women'}, {'status': 'ACTIVE', 'sortPriority': 2, 'id': 12474498, 'name': 'Papua New Guinea Women'}],hist_data/ADVANCED/2024/Aug/5/33468635/1.231454138
Surrey Jaguars v Mississauga Bangla Tigers,1.231426333,33466781,[{'status': 'ACTIVE', 'sortPriority': 1, 'id': 58385184, 'name': 'Surrey Jaguars'}, {'status': 'ACTIVE', 'sortPriority': 2, 'id': 71847983, 'name': 'Mississauga Bangla Tigers'}],hist_data/ADVANCED/2024/Aug/5/33466781/1.231426333
Welsh Fire Women v Southern Brave Women,1.231398046,33465104,[{'status': 'ACTIVE', 'sortPriority': 1, 'id': 40096581, 'name': 'Welsh Fire Women'}, {'status': 'ACTIVE', 'sortPriority': 2, 'id': 40096579, 'name': 'Southern Brave Women'}],hist_data/ADVANCED/2024/Aug/5/33465104/1.231398046
Warwickshire v Nottinghamshire,1.231699683,33486073,[{'status': 'ACTIVE', 'sortPriority': 1, 'id': 2120, 'name': 'Warwickshire'}, {'status': 'ACTIVE', 'sortPriority': 2, 'id': 2780, 'name': 'Nottinghamshire'}],hist_data/ADVANCED/2024/Aug/14/33486073/1.231699683
Southern Brave Women v Welsh Fire Women,1.231659919,33483361,[{'status': 'ACTIVE', 'sortPriority': 1, 'id': 40096579, 'name': 'Southern Brave Women'}, {'status': 'ACTIVE', 'sortPriority': 2, 'id': 40096581, 'name': 'Welsh Fire Women'}],hist_data/ADVANCED/2024/Aug/14/33483361/1.231659919
Southern Brave v Welsh Fire,1.231659753,33483335,[{'status': 'ACTIVE', 'sortPriority': 1, 'id': 26354926, 'name': 'Southern Brave'}, {'status': 'ACTIVE', 'sortPriority': 2, 'id': 26354927, 'name': 'Welsh Fire'}],hist_data/ADVANCED/2024/Aug/14/33483335/1.231659753
North-West Warriors v Northern Knights,1.231652082,33482825,[{'status': 'ACTIVE', 'sortPriority': 1, 'id': 25651861, 'name': 'North-West Warriors'}, {'status': 'ACTIVE', 'sortPriority': 2, 'id': 6847357, 'name': 'Northern Knights'}],hist_data/ADVANCED/2024/Aug/14/33482825/1.231652082
Trent Rockets Women v Oval Invincibles Women,1.231730206,33488374,[{'status': 'ACTIVE', 'sortPriority': 1, 'id': 40096580, 'name': 'Trent Rockets Women'}, {'status': 'ACTIVE', 'sortPriority': 2, 'id': 40096582, 'name': 'Oval Invincibles Women'}],hist_data/ADVANCED/2024/Aug/14/33488374/1.231730206
Durham v Derbyshire,1.231691586,33485740,[{'status': 'ACTIVE', 'sortPriority': 1, 'id': 31374, 'name': 'Durham'}, {'status': 'ACTIVE', 'sortPriority': 2, 'id': 31375, 'name': 'Derbyshire'}],hist_data/ADVANCED/2024/Aug/14/33485740/1.231691586
Middlesex v Hampshire,1.231698175,33485978,[{'status': 'ACTIVE', 'sortPriority': 1, 'id': 31378, 'name': 'Middlesex'}, {'status': 'ACTIVE', 'sortPriority': 2, 'id': 3961, 'name': 'Hampshire'}],hist_data/ADVANCED/2024/Aug/14/33485978/1.231698175
Kent v Northamptonshire,1.231702167,33486139,[{'status': 'ACTIVE', 'sortPriority': 1, 'id': 5901, 'name': 'Kent'}, {'status': 'ACTIVE', 'sortPriority': 2, 'id': 475559, 'name': 'Northamptonshire'}],hist_data/ADVANCED/2024/Aug/14/33486139/1.231702167
Gloucestershire v Leicestershire,1.231699647,33486040,[{'status': 'ACTIVE', 'sortPriority': 1, 'id': 2219, 'name': 'Gloucestershire'}, {'status': 'ACTIVE', 'sortPriority': 2, 'id': 31377, 'name': 'Leicestershire'}],hist_data/ADVANCED/2024/Aug/14/33486040/1.231699647
Sussex v Essex,1.231699677,33486071,[{'status': 'ACTIVE', 'sortPriority': 1, 'id': 31379, 'name': 'Sussex'}, {'status': 'ACTIVE', 'sortPriority': 2, 'id': 31376, 'name': 'Essex'}],hist_data/ADVANCED/2024/Aug/14/33486071/1.231699677
Glamorgan v Yorkshire,1.231705583,33486371,[{'status': 'ACTIVE', 'sortPriority': 1, 'id': 169, 'name': 'Glamorgan'}, {'status': 'ACTIVE', 'sortPriority': 2, 'id': 655, 'name': 'Yorkshire'}],hist_data/ADVANCED/2024/Aug/14/33486371/1.231705583
Trent Rockets v Oval Invincibles,1.231730279,33488414,[{'status': 'ACTIVE', 'sortPriority': 1, 'id': 26354925, 'name': 'Trent Rockets'}, {'status': 'ACTIVE', 'sortPriority': 2, 'id': 26354923, 'name': 'Oval Invincibles'}],hist_data/ADVANCED/2024/Aug/14/33488414/1.231730279
Lancashire v Worcestershire,1.231699634,33486039,[{'status': 'ACTIVE', 'sortPriority': 1, 'id': 424679, 'name': 'Lancashire'}, {'status': 'ACTIVE', 'sortPriority': 2, 'id': 31372, 'name': 'Worcestershire'}],hist_data/ADVANCED/2024/Aug/14/33486039/1.231699634
Kuwait v Malaysia,1.232098534,33514565,[{'status': 'ACTIVE', 'sortPriority': 1, 'id': 8858694, 'name': 'Kuwait'}, {'status': 'ACTIVE', 'sortPriority': 2, 'id': 2857968, 'name': 'Malaysia'}],hist_data/ADVANCED/2024/Aug/22/33514565/1.232098534
Denmark v Greece,1.232099248,33514699,[{'status': 'ACTIVE', 'sortPriority': 1, 'id': 206388, 'name': 'Denmark'}, {'status': 'ACTIVE', 'sortPriority': 2, 'id': 60971786, 'name': 'Greece'}],hist_data/ADVANCED/2024/Aug/22/33514699/1.232099248
Czechia v Spain,1.232091508,33514255,[{'status': 'ACTIVE', 'sortPriority': 1, 'id': 60971788, 'name': 'Czechia'}, {'status': 'ACTIVE', 'sortPriority': 2, 'id': 24640635, 'name': 'Spain'}],hist_data/ADVANCED/2024/Aug/22/33514255/1.232091508
Boca Raton Trailblazers v Grand Cayman Stingrays,1.232089391,33514178,[{'status': 'ACTIVE', 'sortPriority': 1, 'id': 72857114, 'name': 'Boca Raton Trailblazers'}, {'status': 'ACTIVE', 'sortPriority': 2, 'id': 72857116, 'name': 'Grand Cayman Stingrays'}],hist_data/ADVANCED/2024/Aug/22/33514178/1.232089391
Guernsey v Malta,1.232093182,33514388,[{'status': 'ACTIVE', 'sortPriority': 1, 'id': 61077257, 'name': 'Guernsey'}, {'status': 'ACTIVE', 'sortPriority': 2, 'id': 48800301, 'name': 'Malta'}],hist_data/ADVANCED/2024/Aug/22/33514388/1.232093182
New York Strikers v Caribbean Tigers,1.232089285,33514168,[{'status': 'ACTIVE', 'sortPriority': 1, 'id': 67083366, 'name': 'New York Strikers'}, {'status': 'ACTIVE', 'sortPriority': 2, 'id': 72922097, 'name': 'Caribbean Tigers'}],hist_data/ADVANCED/2024/Aug/22/33514168/1.232089285
Miami Lions v Boca Raton Trailblazers,1.232089338,33514166,[{'status': 'ACTIVE', 'sortPriority': 1, 'id': 72857115, 'name': 'Miami Lions'}, {'status': 'ACTIVE', 'sortPriority': 2, 'id': 72857114, 'name': 'Boca Raton Trailblazers'}],hist_data/ADVANCED/2024/Aug/22/33514166/1.232089338
Munster Reds v Northern Knights,1.232092849,33514301,[{'status': 'ACTIVE', 'sortPriority': 1, 'id': 19587212, 'name': 'Munster Reds'}, {'status': 'ACTIVE', 'sortPriority': 2, 'id': 6847357, 'name': 'Northern Knights'}],hist_data/ADVANCED/2024/Aug/22/33514301/1.232092849
Barbados Royals  W v Guyana Amazon Warriors W,1.232001727,33504867,[{'status': 'ACTIVE', 'sortPriority': 1, 'id': 47674067, 'name': 'Barbados Royals W'}, {'status': 'ACTIVE', 'sortPriority': 2, 'id': 47674068, 'name': 'Guyana Amazon Warriors W'}],hist_data/ADVANCED/2024/Aug/22/33504867/1.232001727
Estonia v Finland,1.232098082,33514511,[{'status': 'ACTIVE', 'sortPriority': 1, 'id': 11392436, 'name': 'Estonia'}, {'status': 'ACTIVE', 'sortPriority': 2, 'id': 48610314, 'name': 'Finland'}],hist_data/ADVANCED/2024/Aug/22/33514511/1.232098082
New York Strikers v Grand Cayman Stingrays,1.232089444,33514172,[{'status': 'ACTIVE', 'sortPriority': 1, 'id': 67083366, 'name': 'New York Strikers'}, {'status': 'ACTIVE', 'sortPriority': 2, 'id': 72857116, 'name': 'Grand Cayman Stingrays'}],hist_data/ADVANCED/2024/Aug/22/33514172/1.232089444
Kuwait v Malaysia,1.232219206,33522978,[{'status': 'ACTIVE', 'sortPriority': 1, 'id': 8858694, 'name': 'Kuwait'}, {'status': 'ACTIVE', 'sortPriority': 2, 'id': 2857968, 'name': 'Malaysia'}],hist_data/ADVANCED/2024/Aug/25/33522978/1.232219206
Guernsey v Estonia,1.232224350,33523476,[{'status': 'ACTIVE', 'sortPriority': 1, 'id': 61077257, 'name': 'Guernsey'}, {'status': 'ACTIVE', 'sortPriority': 2, 'id': 11392436, 'name': 'Estonia'}],hist_data/ADVANCED/2024/Aug/25/33523476/1.232224350
Greece v Spain,1.232239000,33524183,[{'status': 'ACTIVE', 'sortPriority': 1, 'id': 60971786, 'name': 'Greece'}, {'status': 'ACTIVE', 'sortPriority': 2, 'id': 24640635, 'name': 'Spain'}],hist_data/ADVANCED/2024/Aug/25/33524183/1.232239000
Cyprus v Czechia,1.232224255,33523469,[{'status': 'ACTIVE', 'sortPriority': 1, 'id': 61422697, 'name': 'Cyprus'}, {'status': 'ACTIVE', 'sortPriority': 2, 'id': 60971788, 'name': 'Czechia'}],hist_data/ADVANCED/2024/Aug/25/33523469/1.232224255
West Indies v South Africa,1.232209555,33522302,[{'status': 'ACTIVE', 'sortPriority': 1, 'id': 235, 'name': 'West Indies'}, {'status': 'ACTIVE', 'sortPriority': 2, 'id': 349, 'name': 'South Africa'}],hist_data/ADVANCED/2024/Aug/25/33522302/1.232209555
Bulgaria v Malta,1.232224347,33523474,[{'status': 'ACTIVE', 'sortPriority': 1, 'id': 61077258, 'name': 'Bulgaria'}, {'status': 'ACTIVE', 'sortPriority': 2, 'id': 48800301, 'name': 'Malta'}],hist_data/ADVANCED/2024/Aug/25/33523474/1.232224347
