30673163, The Hundred - Womens
30673163,The Hundred - Womens
33450078,London Spirit v Welsh Fire
33450161,London Spirit Women v Welsh Fire Women
33454955,Southern Brave v Manchester Originals
33455015,Toronto Nationals v Montreal Tigers
33455020,Southern Brave Women v Manchester Originals Women
33455059,Warwickshire v Surrey
33455129,Oval Invincibles W v Northern Superchargers W
33455129,Oval Invincibles Women v Northern Superchargers Wo
33455130,Oval Invincibles v Northern Superchargers
33457835,Vancouver Knights v Surrey Jaguars
33457836,Brampton Wolves v Mississauga Bangla Tigers
33457877,Sri Lanka v India
33457992,Durham v Northamptonshire
33458013,Derbyshire v Worcestershire
33458074,Glamorgan v Sussex
33458119,Somerset v Lancashire
33458137,Yorkshire v Gloucestershire
33458219,Kent v Middlesex
33458989,Tiruppur Tamizhans v Dindigul Dragons
33460486,Birmingham Phoenix Women v Southern Brave Women
33460487,Birmingham Phoenix v Southern Brave
33460494,Trent Rockets Women v Welsh Fire Women
33460495,Trent Rockets v Welsh Fire
33462068,London Spirit Women v Oval Invincibles Women
33462590,Somerset v Derbyshire
33462684,Sussex v Leicestershire
33462710,Hampshire v Lancashire
33462715,London Spirit v Oval Invincibles
33462721,Northern Superchargers W v Manchester Original W
33462721,Northern Superchargers W v Manchester Originals W
33462721,Northern Superchargers Women v Manchester Original
33462723,Northern Superchargers v Manchester Originals
33462734,Northamptonshire v Worcestershire
33462739,Surrey v Nottinghamshire
33462743,Gloucestershire v Warwickshire
33462952,Sri Lanka v India
33463142,Essex v Glamorgan
33463378,Toronto Nationals v Vancouver Knights
33463788,Lyca Kovai Kings v Dindigul Dragons
33464866,Montreal Tigers v Vancouver Knights
33464867,Brampton Wolves v Surrey Jaguars
33464993,Munster Reds v Leinster Lightning
33465104,Welsh Fire Women v Southern Brave Women
33465209,Birmingham Phoenix W v Northern Superchargers W
33465237,Yorkshire v Essex
33465238,Middlesex v Durham
33465427,Welsh Fire v Southern Brave
33465487,Trent Rockets Women v London Spirit Women
33466781,Surrey Jaguars v Mississauga Bangla Tigers
33466782,Toronto Nationals v Montreal Tigers
33467051,Manchester Originals v Oval Invincibles
33467052,Birmingham Phoenix v Northern Superchargers
33467053,Manchester Originals W v Oval Invincibles W
33467054,Hampshire v Derbyshire
33467055,Gloucestershire v Sussex
33467056,Worcestershire v Kent
33467057,Northamptonshire v Somerset
33467092,Trent Rockets v London Spirit
33467903,Leicestershire v Surrey
33468175,Warwickshire v Glamorgan
33468214,Sri Lanka v India
33468635,Netherlands Women v Papua New Guinea Women
33469581,Surrey Jaguars v Montreal Tigers
33469587,Brampton Wolves v Mississauga Bangla Tigers
33469869,Papua New Guinea Women v Scotland Women
33469872,Netherlands v Canada
33470458,West Indies v South Africa
33472077,Netherlands Women v Scotland Women
33472291,Yorkshire v Leicestershire
33472344,Essex v Surrey
33472580,Welsh Fire Women v Northern Superchargers Women
33472583,Lancashire v Middlesex
33472587,Welsh Fire v Northern Superchargers
33472590,Oval Invincibles Women v Southern Brave Women
33472592,Oval Invincibles v Southern Brave
33474911,Somerset v Worcestershire
33474953,Brampton Wolves v Montreal Tigers
33474954,Mississauga Bangla Tigers v Toronto Nationals
33474963,Durham v Hampshire
33475009,Derbyshire v Kent
33475024,Nottinghamshire v Gloucestershire
33475215,London Spirit v Manchester Originals
33475282,London Spirit Women v Manchester Originals Women
33477015,West Indies v South Africa
33477608,Netherlands Women v Papua New Guinea Women
33477704,Southern Brave Women v Trent Rockets Women
33477706,Southern Brave v Trent Rockets
33477708,Welsh Fire Women v Birmingham Phoenix Women
33477722,Welsh Fire v Birmingham Phoenix
33477736,Warwickshire v Yorkshire
33477738,Northamptonshire v Lancashire
33477741,Leicestershire v Glamorgan
33477743,Middlesex v Somerset
33477750,Kent v Durham
33477752,Nottinghamshire v Essex
33477755,Sussex v Surrey
33477757,Worcestershire v Hampshire
33478039,Ireland Women v Sri Lanka Women
33480110,Netherlands Women v Scotland Women
33480112,Scotland Women v Papua New Guinea Women
33480307,Oval Invincibles Women v London Spirit Women
33480308,Manchester Originals W v Northern Superchargers W 
33480309,Oval Invincibles v London Spirit
33480310,Manchester Originals v Northern Superchargers
33482825,North-West Warriors v Northern Knights
33482920,Brampton Wolves v Mississauga Bangla Tigers
33483325,Birmingham Phoenix Women v Trent Rockets Women
33483335,Southern Brave v Welsh Fire
33483361,Southern Brave Women v Welsh Fire Women
33483444,Birmingham Phoenix v Trent Rockets
33483618,Brampton Wolves v Toronto Nationals
33484467,Montreal Tigers v Toronto Nationals
33485531,Canada v USA
33485740,Durham v Derbyshire
33485890,Ireland Women v Sri Lanka Women
33485978,Middlesex v Hampshire
33486039,Lancashire v Worcestershire
33486040,Gloucestershire v Leicestershire
33486071,Sussex v Essex
33486073,Warwickshire v Nottinghamshire
33486139,Kent v Northamptonshire
33486247,Northern Superchargers v London Spirit
33486248,Northern Superchargers Women v London Spirit Women
33486371,Glamorgan v Yorkshire
33488374,Trent Rockets Women v Oval Invincibles Women
33488414,Trent Rockets v Oval Invincibles
33488437,Birmingham Phoenix W v Manchester Originals W
33488511,Birmingham Phoenix v Manchester Originals
33490719,Netherlands v USA
33494063,North-West Warriors v Northern Knights
33494159,Worcestershire v Kent
33494389,Warwickshire v Somerset
33494693,Ireland Women v Sri Lanka Women
33494708,Pakistan v Bangladesh
33494715,Czechia v Denmark
33494773,Finland v Malta
33494843,Hampshire v Essex
33494847,Surrey v Lancashire
33495145,Papua New Guinea Women v Scotland Women
33495342,Oval Invincibles Women v London Spirit Women
33495564,Worcestershire v Warwickshire
33495565,Leicestershire v Hampshire
33497015,Netherlands Women v Scotland Women
33497364,Munster Reds v Northern Knights
33497494,Netherlands v Canada
33497872,England v Sri Lanka
33497939,Durham v Nottinghamshire
33498595,Birmingham Phoenix v Southern Brave
33499725,Yorkshire v Sussex
33499729,Middlesex v Northamptonshire
33500547,Ireland Women v Sri Lanka Women
33500948,Gloucestershire v Leicestershire
33500951,Derbyshire v Glamorgan
33501041,Canada v USA
33501073,Somerset v Leicestershire
33501074,Glamorgan v Warwickshire
33503359,Welsh Fire Women v London Spirit Women
33504088,Oval Invincibles v Southern Brave
33504642,Ireland Women v Sri Lanka Women
33504815,West Indies v South Africa
33504867,Barbados Royals  W v Guyana Amazon Warriors W
33504867,Barbados Royals W v Guyana Amazon Warriors W
33507953,USA v Netherlands
33507997,New York Strikers v Miami Lions
33507998,Boca Raton Trailblazers v Grand Cayman Stingrays
33507999,Caribbean Giants v Miami Lions
33508010,Sunrisers v Northern Diamonds
33508011,South East Stars v North West Thunder
33508012,Southern Vipers v The Blaze
33508015,Western Storm v Central Sparks
33508162,Cyprus v Spain
33508163,Guernsey v Bulgaria
33508295,New York Strikers v Grand Cayman Stingrays
33508296,Miami Lions v Grand Cayman Stingrays
33508297,Caribbean Giants v Boca Raton Trailblazers
33509597,Netherlands v USA
33511210,Caribbean Giants v Miami Lions
33511211,New York Strikers v Boca Raton Trailblazers
33511212,Caribbean Giants v Grand Cayman Stingrays
33511213,New York Strikers v Miami Lions
33511327,Kuwait v Hong Kong
33511969,Netherlands v Canada
33514166,Miami Lions v Boca Raton Trailblazers
33514168,New York Strikers v Caribbean Tigers
33514172,New York Strikers v Grand Cayman Stingrays
33514178,Boca Raton Trailblazers v Grand Cayman Stingrays
33514255,Czechia v Spain
33514301,Munster Reds v Northern Knights
33514388,Guernsey v Malta
33514511,Estonia v Finland
33514565,Kuwait v Malaysia
33514699,Denmark v Greece
33516557,Trinidad Knight Riders W v Barbados Royals W
33516975,Caribbean Tigers v Boca Raton Trailblazers
33517162,Cyprus v Greece
33517182,Bulgaria v Estonia
33517239,Denmark v Spain
33517394,Guernsey v Finland
33517477,Hong Kong v Malaysia
33518099,USA v Canada
33519697,Miami Lions v Grand Cayman Stingrays
33520514,Trinidad Knight Riders W v Guyana Amazon W
33520514,Trinidad Knight Riders Women v Guyana Amazon Warri
33520609,Hong Kong v Kuwait
33521026,Gloucestershire v Northamptonshire
33521287,Warwickshire v Kent
33521414,Lancashire v Hampshire
33521968,New York Strikers v Boca Raton Trailblazers
33522302,West Indies v South Africa
33522473,Boca Raton Trailblazers v New York Strikers
33522474,Grand Cayman Stingrays v New York Strikers
33522475,Grand Cayman Stingrays v Boca Raton Trailblazers
33522978,Kuwait v Malaysia
33523125,Guyana Amazon Warriors W v Trinidad K Riders W
33523191,Netherlands v USA
33523469,Cyprus v Czechia
33523474,Bulgaria v Malta
33523476,Guernsey v Estonia
33524183,Greece v Spain
33525294,Hong Kong v Malaysia
33525516,Canada v Netherlands
33525594,Cyprus v Denmark
33525672,Estonia v Malta
33525724,Bulgaria v Finland
33525729,Czechia v Greece
33525842,Antigua And Barbuda Falcons v St. Kitts and Nevis 
33527093,Guyana Amazon Warriors W v Barbados Royals W
33527093,Guyana Amazon Warriors v Barbados Royals Women
33527201,USA v Canada
33527208,Malaysia v Maldives
33527214,Hong Kong v Myanmar
33527219,Kuwait v Mongolia
33527241,Central Sparks v Southern Vipers
33527244,The Blaze v Sunrisers
33527252,South East Stars v Western Storm
33527284,Leinster Lightning v North-West Warriors
33527290,West Indies v South Africa
33528205,Kuwait v Hong Kong
33529195,Barbados Royals W v Trinidad Knight Riders W
33529195,Barbados Royals Women v Trinidad Knight Riders Wom
33531036,Netherlands v USA
33532565,Guernsey v Denmark
33532598,Spain v Finland
33532605,Cyprus v Malta
33532625,Czechia v Estonia
33534236,Leinster Lightning v North-West Warriors
33534254,Barbados Royals W v Trinidad Knight Riders W
33534254,Barbados Royals Women v Trinidad K Riders Women
33537100,Antigua And Barbuda Falcons v Guyana Amazon Warrio
33540029,Maldives v Singapore
33540053,Malaysia v Myanmar
33540261,Hong Kong v Mongolia
